Image, Posture
pose369.jpg, Standing Straight
pose433.jpg, Standing Straight
pose355.jpg, Standing Straight
pose341.jpg, Standing Straight
pose88.jpg, Bent Over
pose427.jpg, Standing Straight
pose63.jpg, Standing Straight
pose77.jpg, Almost Lied Down
pose396.jpg, Bent Over
pose382.jpg, Standing Straight
pose619.jpg, Standing Straight
pose157.jpg, Standing Straight
pose631.jpg, Standing Straight
pose625.jpg, Standing Straight
pose143.jpg, Standing Straight
pose1161.jpg, Bent Over
pose816.jpg, Standing Straight
pose1175.jpg, Standing Straight
pose802.jpg, Standing Straight
pose194.jpg, Standing Straight
pose1149.jpg, Bent Over
pose180.jpg, Standing Straight
pose779.jpg, Standing Straight
pose745.jpg, Standing Straight
pose989.jpg, Almost Lied Down
pose751.jpg, Standing Straight
pose962.jpg, Almost Lied Down
pose1015.jpg, Standing Straight
pose976.jpg, Almost Lied Down
pose1001.jpg, Standing Straight
pose786.jpg, Standing Straight
pose1029.jpg, Standing Straight
pose792.jpg, No human detected
pose209.jpg, Standing Straight
pose547.jpg, Standing Straight
pose221.jpg, Standing Straight
pose235.jpg, Standing Straight
pose553.jpg, Standing Straight
pose1217.jpg, Almost Lied Down
pose1203.jpg, Bent Over
pose584.jpg, Bent Over
pose590.jpg, Bent Over
pose591.jpg, Bent Over
pose585.jpg, Bent Over
pose1202.jpg, No human detected
pose1216.jpg, Almost Lied Down
pose234.jpg, Standing Straight
pose552.jpg, Standing Straight
pose546.jpg, Standing Straight
pose220.jpg, Standing Straight
pose208.jpg, Standing Straight
pose793.jpg, Standing Straight
pose1028.jpg, Standing Straight
pose787.jpg, Standing Straight
pose1000.jpg, Standing Straight
pose977.jpg, Almost Lied Down
pose1014.jpg, Standing Straight
pose963.jpg, Almost Lied Down
pose750.jpg, Standing Straight
pose988.jpg, Almost Lied Down
pose744.jpg, Standing Straight
pose778.jpg, Standing Straight
pose1148.jpg, Bent Over
pose181.jpg, Standing Straight
pose195.jpg, Standing Straight
pose803.jpg, Standing Straight
pose1174.jpg, Almost Lied Down
pose817.jpg, Standing Straight
pose1160.jpg, Bent Over
pose624.jpg, Standing Straight
pose142.jpg, Standing Straight
pose156.jpg, Standing Straight
pose630.jpg, Standing Straight
pose618.jpg, Standing Straight
pose383.jpg, Standing Straight
pose397.jpg, Standing Straight
pose76.jpg, Almost Lied Down
pose62.jpg, Standing Straight
pose340.jpg, Standing Straight
pose426.jpg, Standing Straight
pose89.jpg, Bent Over
pose432.jpg, Standing Straight
pose354.jpg, Standing Straight
pose368.jpg, Standing Straight
pose418.jpg, Standing Straight
pose424.jpg, Standing Straight
pose342.jpg, Standing Straight
pose356.jpg, Standing Straight
pose430.jpg, Standing Straight
pose74.jpg, Almost Lied Down
pose60.jpg, Standing Straight
pose48.jpg, Standing Straight
pose381.jpg, Standing Straight
pose395.jpg, Standing Straight
pose168.jpg, Standing Straight
pose140.jpg, Standing Straight
pose626.jpg, Standing Straight
pose1189.jpg, Bent Over
pose632.jpg, Standing Straight
pose154.jpg, Standing Straight
pose1176.jpg, No human detected
pose801.jpg, Standing Straight
pose1162.jpg, Bent Over
pose815.jpg, Standing Straight
pose183.jpg, Standing Straight
pose829.jpg, Standing Straight
pose197.jpg, Standing Straight
pose752.jpg, Standing Straight
pose746.jpg, Standing Straight
pose975.jpg, Almost Lied Down
pose1002.jpg, Standing Straight
pose961.jpg, Standing Straight
pose1016.jpg, Standing Straight
pose791.jpg, Standing Straight
pose949.jpg, Standing Straight
pose785.jpg, Standing Straight
pose578.jpg, Bent Over
pose550.jpg, Standing Straight
pose236.jpg, Standing Straight
pose222.jpg, Standing Straight
pose544.jpg, Standing Straight
pose1200.jpg, Bent Over
pose1214.jpg, No human detected
pose593.jpg, Bent Over
pose1228.jpg, Standing Straight
pose587.jpg, Bent Over
pose586.jpg, Bent Over
pose1229.jpg, Standing Straight
pose592.jpg, Bent Over
pose1215.jpg, Almost Lied Down
pose1201.jpg, Almost Lied Down
pose223.jpg, Standing Straight
pose545.jpg, Standing Straight
pose551.jpg, Standing Straight
pose237.jpg, Standing Straight
pose579.jpg, Bent Over
pose784.jpg, Standing Straight
pose948.jpg, Standing Straight
pose790.jpg, Standing Straight
pose1017.jpg, Standing Straight
pose960.jpg, Standing Straight
pose1003.jpg, Standing Straight
pose974.jpg, Almost Lied Down
pose747.jpg, Standing Straight
pose753.jpg, Standing Straight
pose828.jpg, Standing Straight
pose196.jpg, Standing Straight
pose182.jpg, Standing Straight
pose814.jpg, Standing Straight
pose1163.jpg, Bent Over
pose800.jpg, Standing Straight
pose1177.jpg, No human detected
pose633.jpg, Standing Straight
pose155.jpg, Standing Straight
pose141.jpg, Standing Straight
pose1188.jpg, No human detected
pose627.jpg, Standing Straight
pose169.jpg, Standing Straight
pose394.jpg, Standing Straight
pose49.jpg, Standing Straight
pose380.jpg, Standing Straight
pose61.jpg, Standing Straight
pose75.jpg, Almost Lied Down
pose357.jpg, Standing Straight
pose431.jpg, Standing Straight
pose425.jpg, Standing Straight
pose343.jpg, Standing Straight
pose419.jpg, Standing Straight
pose347.jpg, Standing Straight
pose421.jpg, Standing Straight
pose435.jpg, Standing Straight
pose353.jpg, Standing Straight
pose409.jpg, Standing Straight
pose384.jpg, Standing Straight
pose59.jpg, Standing Straight
pose390.jpg, Standing Straight
pose71.jpg, Standing Straight
pose65.jpg, Standing Straight
pose623.jpg, Standing Straight
pose145.jpg, Standing Straight
pose151.jpg, Standing Straight
pose637.jpg, Standing Straight
pose1198.jpg, Bent Over
pose179.jpg, Standing Straight
pose838.jpg, Standing Straight
pose186.jpg, Standing Straight
pose192.jpg, Standing Straight
pose804.jpg, Standing Straight
pose1173.jpg, Almost Lied Down
pose810.jpg, Standing Straight
pose1167.jpg, Almost Lied Down
pose757.jpg, Standing Straight
pose743.jpg, Standing Straight
pose794.jpg, Standing Straight
pose780.jpg, Standing Straight
pose958.jpg, Standing Straight
pose1007.jpg, Standing Straight
pose970.jpg, Bent Over
pose1013.jpg, Standing Straight
pose964.jpg, Bent Over
pose233.jpg, Standing Straight
pose555.jpg, Standing Straight
pose541.jpg, Standing Straight
pose227.jpg, Standing Straight
pose569.jpg, Bent Over
pose1239.jpg, Standing Straight
pose596.jpg, Bent Over
pose582.jpg, Bent Over
pose1205.jpg, Almost Lied Down
pose1211.jpg, Almost Lied Down
pose1210.jpg, Almost Lied Down
pose1204.jpg, Almost Lied Down
pose583.jpg, Bent Over
pose597.jpg, Bent Over
pose1238.jpg, Standing Straight
pose568.jpg, Bent Over
pose540.jpg, Standing Straight
pose226.jpg, Standing Straight
pose232.jpg, Standing Straight
pose554.jpg, Standing Straight
pose965.jpg, Bent Over
pose1012.jpg, Standing Straight
pose971.jpg, Bent Over
pose1006.jpg, Standing Straight
pose959.jpg, Standing Straight
pose781.jpg, Standing Straight
pose795.jpg, Standing Straight
pose742.jpg, Standing Straight
pose756.jpg, Standing Straight
pose1166.jpg, Bent Over
pose811.jpg, Standing Straight
pose1172.jpg, Almost Lied Down
pose805.jpg, Standing Straight
pose193.jpg, Standing Straight
pose839.jpg, Standing Straight
pose187.jpg, Standing Straight
pose178.jpg, Standing Straight
pose150.jpg, Standing Straight
pose1199.jpg, No human detected
pose636.jpg, Standing Straight
pose622.jpg, Standing Straight
pose144.jpg, Standing Straight
pose64.jpg, Standing Straight
pose70.jpg, Standing Straight
pose58.jpg, Standing Straight
pose391.jpg, Standing Straight
pose385.jpg, Standing Straight
pose408.jpg, No human detected
pose434.jpg, Standing Straight
pose352.jpg, Standing Straight
pose346.jpg, Standing Straight
pose420.jpg, Standing Straight
pose350.jpg, Standing Straight
pose99.jpg, Almost Lied Down
pose436.jpg, Standing Straight
pose422.jpg, Standing Straight
pose344.jpg, Standing Straight
pose378.jpg, Standing Straight
pose393.jpg, Standing Straight
pose387.jpg, Not Straight
pose66.jpg, Standing Straight
pose72.jpg, Standing Straight
pose634.jpg, Standing Straight
pose152.jpg, Standing Straight
pose146.jpg, Standing Straight
pose620.jpg, Standing Straight
pose608.jpg, Standing Straight
pose1158.jpg, Bent Over
pose191.jpg, Standing Straight
pose185.jpg, Standing Straight
pose813.jpg, Standing Straight
pose1164.jpg, Bent Over
pose807.jpg, Standing Straight
pose1170.jpg, Almost Lied Down
pose998.jpg, Standing Straight
pose740.jpg, Standing Straight
pose754.jpg, Standing Straight
pose768.jpg, Standing Straight
pose783.jpg, Standing Straight
pose797.jpg, Standing Straight
pose1038.jpg, Standing Straight
pose1010.jpg, Standing Straight
pose967.jpg, Bent Over
pose1004.jpg, Standing Straight
pose973.jpg, Bent Over
pose224.jpg, Standing Straight
pose542.jpg, Standing Straight
pose556.jpg, Standing Straight
pose230.jpg, Standing Straight
pose218.jpg, Standing Straight
pose581.jpg, Bent Over
pose595.jpg, Bent Over
pose1212.jpg, Bent Over
pose1206.jpg, Bent Over
pose1207.jpg, Bent Over
pose1213.jpg, Almost Lied Down
pose594.jpg, Bent Over
pose580.jpg, Bent Over
pose219.jpg, Standing Straight
pose557.jpg, Standing Straight
pose231.jpg, Standing Straight
pose225.jpg, Standing Straight
pose543.jpg, Standing Straight
pose972.jpg, Bent Over
pose1005.jpg, Standing Straight
pose966.jpg, Bent Over
pose1011.jpg, Standing Straight
pose1039.jpg, Standing Straight
pose796.jpg, Standing Straight
pose782.jpg, Standing Straight
pose769.jpg, Standing Straight
pose755.jpg, Standing Straight
pose741.jpg, Standing Straight
pose999.jpg, Standing Straight
pose1171.jpg, Almost Lied Down
pose806.jpg, Standing Straight
pose1165.jpg, Bent Over
pose812.jpg, Standing Straight
pose184.jpg, Standing Straight
pose1159.jpg, Bent Over
pose190.jpg, Standing Straight
pose609.jpg, Standing Straight
pose147.jpg, Standing Straight
pose621.jpg, Standing Straight
pose635.jpg, Standing Straight
pose153.jpg, Standing Straight
pose73.jpg, Almost Lied Down
pose67.jpg, Standing Straight
pose386.jpg, Standing Straight
pose392.jpg, Standing Straight
pose379.jpg, Standing Straight
pose423.jpg, Standing Straight
pose345.jpg, Standing Straight
pose351.jpg, Standing Straight
pose437.jpg, Standing Straight
pose98.jpg, Bent Over
pose478.jpg, No human detected
pose336.jpg, Standing Straight
pose450.jpg, No human detected
pose444.jpg, No human detected
pose322.jpg, Standing Straight
pose14.jpg, Standing Straight
pose493.jpg, Bent Over
pose487.jpg, No human detected
pose28.jpg, Standing Straight
pose108.jpg, Bent Over
pose652.jpg, Standing Straight
pose134.jpg, Standing Straight
pose120.jpg, Standing Straight
pose646.jpg, Standing Straight
pose1102.jpg, Bent Over
pose875.jpg, No human detected
pose1116.jpg, Bent Over
pose861.jpg, Bent Over
pose849.jpg, Standing Straight
pose691.jpg, Bent Over
pose685.jpg, Almost Lied Down
pose1089.jpg, Bent Over
pose726.jpg, Standing Straight
pose732.jpg, Standing Straight
pose901.jpg, Bent Over
pose1076.jpg, Standing Straight
pose915.jpg, Bent Over
pose1062.jpg, Standing Straight
pose929.jpg, Standing Straight
pose518.jpg, Bent Over
pose242.jpg, Standing Straight
pose524.jpg, Bent Over
pose530.jpg, Bent Over
pose256.jpg, Standing Straight
pose1274.jpg, Standing Straight
pose1260.jpg, Standing Straight
pose6.jpg, Standing Straight
pose281.jpg, Almost Lied Down
pose1248.jpg, Standing Straight
pose295.jpg, Bent Over
pose294.jpg, Almost Lied Down
pose280.jpg, Almost Lied Down
pose7.jpg, Standing Straight
pose1249.jpg, Standing Straight
pose1261.jpg, Standing Straight
pose1275.jpg, Standing Straight
pose531.jpg, Bent Over
pose257.jpg, Standing Straight
pose243.jpg, Standing Straight
pose525.jpg, Bent Over
pose519.jpg, Bent Over
pose928.jpg, Standing Straight
pose1063.jpg, Standing Straight
pose914.jpg, Bent Over
pose1077.jpg, Standing Straight
pose900.jpg, Bent Over
pose733.jpg, Standing Straight
pose727.jpg, Standing Straight
pose1088.jpg, Bent Over
pose684.jpg, Almost Lied Down
pose690.jpg, Bent Over
pose848.jpg, Standing Straight
pose860.jpg, Bent Over
pose1117.jpg, Bent Over
pose874.jpg, Bent Over
pose1103.jpg, Bent Over
pose121.jpg, Standing Straight
pose647.jpg, Standing Straight
pose653.jpg, Standing Straight
pose135.jpg, Standing Straight
pose109.jpg, Almost Lied Down
pose29.jpg, Standing Straight
pose486.jpg, Bent Over
pose492.jpg, Bent Over
pose15.jpg, Standing Straight
pose445.jpg, No human detected
pose323.jpg, Standing Straight
pose337.jpg, Standing Straight
pose451.jpg, Standing Straight
pose479.jpg, No human detected
pose309.jpg, Almost Lied Down
pose321.jpg, Standing Straight
pose447.jpg, Standing Straight
pose453.jpg, No human detected
pose335.jpg, Standing Straight
pose17.jpg, Standing Straight
pose484.jpg, Bent Over
pose490.jpg, Bent Over
pose679.jpg, Standing Straight
pose645.jpg, Standing Straight
pose123.jpg, Standing Straight
pose137.jpg, Standing Straight
pose651.jpg, Standing Straight
pose889.jpg, Bent Over
pose1115.jpg, Bent Over
pose862.jpg, Bent Over
pose1101.jpg, Bent Over
pose876.jpg, Bent Over
pose1129.jpg, Bent Over
pose686.jpg, Bent Over
pose692.jpg, Bent Over
pose719.jpg, Almost Lied Down
pose731.jpg, Standing Straight
pose725.jpg, Standing Straight
pose916.jpg, Bent Over
pose1061.jpg, Standing Straight
pose902.jpg, Bent Over
pose1075.jpg, Standing Straight
pose1049.jpg, Standing Straight
pose269.jpg, Standing Straight
pose255.jpg, Standing Straight
pose533.jpg, Bent Over
pose527.jpg, Bent Over
pose241.jpg, Standing Straight
pose1263.jpg, Standing Straight
pose1277.jpg, Standing Straight
pose296.jpg, Bent Over
pose5.jpg, Standing Straight
pose282.jpg, Almost Lied Down
pose283.jpg, Almost Lied Down
pose4.jpg, Standing Straight
pose297.jpg, Almost Lied Down
pose1276.jpg, Standing Straight
pose1262.jpg, Standing Straight
pose526.jpg, Bent Over
pose240.jpg, Standing Straight
pose254.jpg, Standing Straight
pose532.jpg, Bent Over
pose268.jpg, Standing Straight
pose1048.jpg, Standing Straight
pose1074.jpg, Standing Straight
pose903.jpg, Bent Over
pose1060.jpg, Standing Straight
pose917.jpg, Bent Over
pose724.jpg, Standing Straight
pose730.jpg, Standing Straight
pose718.jpg, Almost Lied Down
pose693.jpg, Bent Over
pose687.jpg, Bent Over
pose1128.jpg, Bent Over
pose877.jpg, Bent Over
pose1100.jpg, Bent Over
pose863.jpg, Bent Over
pose1114.jpg, Bent Over
pose136.jpg, Standing Straight
pose888.jpg, Bent Over
pose650.jpg, Standing Straight
pose644.jpg, Standing Straight
pose122.jpg, Standing Straight
pose678.jpg, Standing Straight
pose491.jpg, Bent Over
pose485.jpg, Bent Over
pose16.jpg, Standing Straight
pose452.jpg, No human detected
pose334.jpg, Standing Straight
pose320.jpg, Standing Straight
pose446.jpg, No human detected
pose308.jpg, Almost Lied Down
pose442.jpg, Standing Straight
pose324.jpg, Standing Straight
pose330.jpg, Standing Straight
pose456.jpg, Standing Straight
pose318.jpg, Standing Straight
pose481.jpg, No human detected
pose495.jpg, Bent Over
pose12.jpg, Standing Straight
pose126.jpg, Standing Straight
pose640.jpg, Standing Straight
pose898.jpg, Bent Over
pose654.jpg, Standing Straight
pose132.jpg, Standing Straight
pose668.jpg, Standing Straight
pose683.jpg, Almost Lied Down
pose1138.jpg, Bent Over
pose697.jpg, Bent Over
pose867.jpg, Bent Over
pose1110.jpg, Bent Over
pose873.jpg, Bent Over
pose1104.jpg, Bent Over
pose734.jpg, Standing Straight
pose720.jpg, Standing Straight
pose708.jpg, Bent Over
pose1058.jpg, Standing Straight
pose1064.jpg, Standing Straight
pose913.jpg, Bent Over
pose1070.jpg, Standing Straight
pose907.jpg, Bent Over
pose536.jpg, Standing Straight
pose250.jpg, Standing Straight
pose244.jpg, Standing Straight
pose522.jpg, Bent Over
pose278.jpg, Almost Lied Down
pose293.jpg, Almost Lied Down
pose287.jpg, Almost Lied Down
pose1266.jpg, Standing Straight
pose1272.jpg, Standing Straight
pose1273.jpg, Standing Straight
pose1267.jpg, Standing Straight
pose286.jpg, Almost Lied Down
pose1.jpg, Standing Straight
pose292.jpg, Almost Lied Down
pose279.jpg, Almost Lied Down
pose245.jpg, Standing Straight
pose523.jpg, Bent Over
pose537.jpg, Standing Straight
pose251.jpg, Standing Straight
pose906.jpg, Bent Over
pose1071.jpg, Standing Straight
pose912.jpg, Bent Over
pose1065.jpg, Standing Straight
pose1059.jpg, Standing Straight
pose709.jpg, Bent Over
pose721.jpg, Standing Straight
pose735.jpg, Standing Straight
pose1105.jpg, Bent Over
pose872.jpg, Not Straight
pose1111.jpg, Bent Over
pose866.jpg, Bent Over
pose696.jpg, Bent Over
pose1139.jpg, Bent Over
pose682.jpg, Standing Straight
pose669.jpg, Standing Straight
pose655.jpg, Standing Straight
pose133.jpg, Standing Straight
pose127.jpg, Standing Straight
pose899.jpg, Bent Over
pose641.jpg, Standing Straight
pose13.jpg, Standing Straight
pose494.jpg, Bent Over
pose480.jpg, No human detected
pose319.jpg, Standing Straight
pose331.jpg, Standing Straight
pose457.jpg, Standing Straight
pose443.jpg, No human detected
pose325.jpg, Standing Straight
pose455.jpg, Standing Straight
pose333.jpg, Standing Straight
pose327.jpg, Standing Straight
pose441.jpg, Standing Straight
pose469.jpg, Bent Over
pose496.jpg, Bent Over
pose39.jpg, Standing Straight
pose482.jpg, Bent Over
pose11.jpg, Standing Straight
pose131.jpg, Standing Straight
pose657.jpg, Standing Straight
pose643.jpg, Standing Straight
pose125.jpg, Standing Straight
pose119.jpg, Standing Straight
pose694.jpg, Bent Over
pose858.jpg, Bent Over
pose680.jpg, Standing Straight
pose870.jpg, Bent Over
pose1107.jpg, Bent Over
pose864.jpg, Bent Over
pose1113.jpg, Bent Over
pose723.jpg, Standing Straight
pose1098.jpg, Bent Over
pose737.jpg, Standing Straight
pose938.jpg, Standing Straight
pose1073.jpg, Standing Straight
pose904.jpg, Bent Over
pose1067.jpg, Standing Straight
pose910.jpg, Bent Over
pose521.jpg, Bent Over
pose247.jpg, Standing Straight
pose253.jpg, Standing Straight
pose535.jpg, Bent Over
pose509.jpg, Bent Over
pose3.jpg, Standing Straight
pose284.jpg, Almost Lied Down
pose290.jpg, Almost Lied Down
pose1259.jpg, Standing Straight
pose1271.jpg, Standing Straight
pose1265.jpg, Standing Straight
pose1264.jpg, Standing Straight
pose1270.jpg, Standing Straight
pose291.jpg, Almost Lied Down
pose1258.jpg, Standing Straight
pose285.jpg, Almost Lied Down
pose2.jpg, Standing Straight
pose508.jpg, Bent Over
pose252.jpg, Standing Straight
pose534.jpg, Bent Over
pose520.jpg, Bent Over
pose246.jpg, Standing Straight
pose911.jpg, Bent Over
pose1066.jpg, Standing Straight
pose905.jpg, Bent Over
pose1072.jpg, Standing Straight
pose939.jpg, Standing Straight
pose736.jpg, Standing Straight
pose1099.jpg, Bent Over
pose722.jpg, Standing Straight
pose1112.jpg, Bent Over
pose865.jpg, Bent Over
pose1106.jpg, Bent Over
pose871.jpg, Not Straight
pose681.jpg, Standing Straight
pose859.jpg, Bent Over
pose695.jpg, Bent Over
pose118.jpg, Standing Straight
pose642.jpg, Standing Straight
pose124.jpg, Standing Straight
pose130.jpg, Standing Straight
pose656.jpg, Standing Straight
pose10.jpg, Standing Straight
pose483.jpg, Bent Over
pose38.jpg, Standing Straight
pose497.jpg, Bent Over
pose468.jpg, Bent Over
pose326.jpg, Standing Straight
pose440.jpg, No human detected
pose454.jpg, Standing Straight
pose332.jpg, Standing Straight
pose459.jpg, Standing Straight
pose317.jpg, Almost Lied Down
pose471.jpg, Bent Over
pose465.jpg, Bent Over
pose303.jpg, Almost Lied Down
pose21.jpg, Standing Straight
pose35.jpg, Standing Straight
pose897.jpg, Bent Over
pose129.jpg, Standing Straight
pose883.jpg, No human detected
pose673.jpg, Standing Straight
pose115.jpg, Standing Straight
pose101.jpg, Almost Lied Down
pose667.jpg, Standing Straight
pose1123.jpg, Bent Over
pose854.jpg, Standing Straight
pose1137.jpg, Bent Over
pose840.jpg, Standing Straight
pose698.jpg, Bent Over
pose868.jpg, Not Straight
pose1094.jpg, Bent Over
pose1080.jpg, Standing Straight
pose707.jpg, Bent Over
pose713.jpg, Bent Over
pose920.jpg, Bent Over
pose1057.jpg, Standing Straight
pose934.jpg, Standing Straight
pose1043.jpg, Standing Straight
pose908.jpg, Bent Over
pose539.jpg, Standing Straight
pose1282.jpg, Standing Straight
pose263.jpg, Standing Straight
pose505.jpg, Bent Over
pose511.jpg, Bent Over
pose277.jpg, Almost Lied Down
pose1255.jpg, Standing Straight
pose1241.jpg, Standing Straight
pose288.jpg, Almost Lied Down
pose1269.jpg, Standing Straight
pose1268.jpg, Standing Straight
pose1240.jpg, Standing Straight
pose289.jpg, Almost Lied Down
pose1254.jpg, Standing Straight
pose510.jpg, Bent Over
pose276.jpg, Almost Lied Down
pose262.jpg, Standing Straight
pose504.jpg, Bent Over
pose1283.jpg, Standing Straight
pose538.jpg, Standing Straight
pose909.jpg, Bent Over
pose1042.jpg, Standing Straight
pose935.jpg, Standing Straight
pose1056.jpg, Standing Straight
pose921.jpg, Bent Over
pose712.jpg, Bent Over
pose706.jpg, Bent Over
pose1081.jpg, Standing Straight
pose1095.jpg, Bent Over
pose869.jpg, Not Straight
pose699.jpg, Bent Over
pose841.jpg, Standing Straight
pose1136.jpg, Bent Over
pose855.jpg, Not Straight
pose1122.jpg, Bent Over
pose100.jpg, Almost Lied Down
pose666.jpg, Standing Straight
pose672.jpg, Standing Straight
pose114.jpg, Almost Lied Down
pose882.jpg, Bent Over
pose896.jpg, Bent Over
pose128.jpg, Standing Straight
pose34.jpg, Standing Straight
pose20.jpg, Standing Straight
pose464.jpg, Bent Over
pose302.jpg, Almost Lied Down
pose316.jpg, Almost Lied Down
pose470.jpg, Bent Over
pose458.jpg, Standing Straight
pose328.jpg, Standing Straight
pose300.jpg, Almost Lied Down
pose466.jpg, Bent Over
pose472.jpg, Bent Over
pose314.jpg, No human detected
pose499.jpg, Bent Over
pose36.jpg, Standing Straight
pose22.jpg, Standing Straight
pose658.jpg, Standing Straight
pose880.jpg, Not Straight
pose894.jpg, Bent Over
pose664.jpg, Standing Straight
pose102.jpg, Almost Lied Down
pose116.jpg, Standing Straight
pose670.jpg, Standing Straight
pose1134.jpg, Bent Over
pose843.jpg, Standing Straight
pose1120.jpg, Bent Over
pose857.jpg, Not Straight
pose1108.jpg, Bent Over
pose1083.jpg, Standing Straight
pose1097.jpg, Bent Over
pose738.jpg, Standing Straight
pose710.jpg, Bent Over
pose704.jpg, Bent Over
pose937.jpg, Standing Straight
pose1040.jpg, Standing Straight
pose923.jpg, Standing Straight
pose1054.jpg, Standing Straight
pose1068.jpg, Standing Straight
pose248.jpg, Standing Straight
pose1281.jpg, Standing Straight
pose274.jpg, Almost Lied Down
pose512.jpg, Bent Over
pose506.jpg, Bent Over
pose260.jpg, Standing Straight
pose1242.jpg, Standing Straight
pose1256.jpg, Standing Straight
pose1257.jpg, Standing Straight
pose1243.jpg, Standing Straight
pose507.jpg, Bent Over
pose261.jpg, Standing Straight
pose275.jpg, Almost Lied Down
pose513.jpg, Bent Over
pose249.jpg, Standing Straight
pose1280.jpg, Standing Straight
pose1069.jpg, Standing Straight
pose1055.jpg, Standing Straight
pose922.jpg, Standing Straight
pose1041.jpg, Standing Straight
pose936.jpg, Standing Straight
pose705.jpg, Bent Over
pose711.jpg, Bent Over
pose739.jpg, Standing Straight
pose1096.jpg, Bent Over
pose1082.jpg, Standing Straight
pose1109.jpg, Bent Over
pose856.jpg, Not Straight
pose1121.jpg, Bent Over
pose842.jpg, Standing Straight
pose1135.jpg, Bent Over
pose117.jpg, Standing Straight
pose671.jpg, Standing Straight
pose665.jpg, Standing Straight
pose103.jpg, Almost Lied Down
pose895.jpg, Bent Over
pose881.jpg, Bent Over
pose659.jpg, Standing Straight
pose23.jpg, Standing Straight
pose37.jpg, Standing Straight
pose498.jpg, Bent Over
pose473.jpg, Bent Over
pose315.jpg, Almost Lied Down
pose301.jpg, No human detected
pose467.jpg, Bent Over
pose329.jpg, Standing Straight
pose463.jpg, Bent Over
pose305.jpg, Almost Lied Down
pose311.jpg, Bent Over
pose477.jpg, No human detected
pose339.jpg, Standing Straight
pose33.jpg, Standing Straight
pose488.jpg, Bent Over
pose27.jpg, Standing Straight
pose107.jpg, Bent Over
pose661.jpg, Standing Straight
pose675.jpg, Standing Straight
pose113.jpg, Almost Lied Down
pose885.jpg, Almost Lied Down
pose649.jpg, Standing Straight
pose891.jpg, Bent Over
pose1119.jpg, Bent Over
pose846.jpg, Standing Straight
pose1131.jpg, Bent Over
pose852.jpg, Standing Straight
pose1125.jpg, Bent Over
pose715.jpg, Bent Over
pose701.jpg, Bent Over
pose1086.jpg, Almost Lied Down
pose729.jpg, Standing Straight
pose1092.jpg, Bent Over
pose1079.jpg, Standing Straight
pose1045.jpg, Standing Straight
pose932.jpg, Standing Straight
pose1051.jpg, Standing Straight
pose926.jpg, Standing Straight
pose517.jpg, Bent Over
pose271.jpg, Almost Lied Down
pose265.jpg, Standing Straight
pose503.jpg, Bent Over
pose259.jpg, Standing Straight
pose1247.jpg, Standing Straight
pose9.jpg, Standing Straight
pose1253.jpg, Standing Straight
pose1252.jpg, Standing Straight
pose1246.jpg, Standing Straight
pose8.jpg, Standing Straight
pose258.jpg, Standing Straight
pose264.jpg, Standing Straight
pose502.jpg, Bent Over
pose516.jpg, Bent Over
pose270.jpg, Almost Lied Down
pose927.jpg, Standing Straight
pose1050.jpg, Standing Straight
pose933.jpg, Standing Straight
pose1044.jpg, Standing Straight
pose1078.jpg, Standing Straight
pose1093.jpg, Bent Over
pose728.jpg, Standing Straight
pose1087.jpg, Bent Over
pose700.jpg, Bent Over
pose714.jpg, Bent Over
pose1124.jpg, Bent Over
pose853.jpg, Standing Straight
pose1130.jpg, Bent Over
pose847.jpg, Standing Straight
pose1118.jpg, Bent Over
pose890.jpg, Bent Over
pose648.jpg, Standing Straight
pose884.jpg, Bent Over
pose674.jpg, Standing Straight
pose112.jpg, Almost Lied Down
pose106.jpg, Almost Lied Down
pose660.jpg, Standing Straight
pose26.jpg, Standing Straight
pose489.jpg, Bent Over
pose32.jpg, Standing Straight
pose338.jpg, Standing Straight
pose310.jpg, Almost Lied Down
pose476.jpg, No human detected
pose462.jpg, Bent Over
pose304.jpg, Almost Lied Down
pose474.jpg, No human detected
pose312.jpg, Almost Lied Down
pose306.jpg, Bent Over
pose460.jpg, Standing Straight
pose448.jpg, Standing Straight
pose18.jpg, Standing Straight
pose24.jpg, Standing Straight
pose30.jpg, Standing Straight
pose110.jpg, Almost Lied Down
pose676.jpg, Standing Straight
pose662.jpg, Standing Straight
pose104.jpg, Almost Lied Down
pose892.jpg, Bent Over
pose886.jpg, Almost Lied Down
pose138.jpg, Standing Straight
pose879.jpg, Not Straight
pose851.jpg, Standing Straight
pose1126.jpg, Bent Over
pose689.jpg, Bent Over
pose845.jpg, Standing Straight
pose1132.jpg, Bent Over
pose702.jpg, Bent Over
pose716.jpg, Almost Lied Down
pose1091.jpg, Bent Over
pose1085.jpg, Bent Over
pose919.jpg, Bent Over
pose1052.jpg, Standing Straight
pose925.jpg, Standing Straight
pose1046.jpg, Standing Straight
pose931.jpg, Standing Straight
pose500.jpg, Bent Over
pose266.jpg, Standing Straight
pose272.jpg, Almost Lied Down
pose514.jpg, Bent Over
pose528.jpg, Bent Over
pose1278.jpg, Standing Straight
pose1250.jpg, Standing Straight
pose299.jpg, Almost Lied Down
pose1244.jpg, Standing Straight
pose1245.jpg, Standing Straight
pose1251.jpg, Standing Straight
pose298.jpg, Almost Lied Down
pose1279.jpg, Standing Straight
pose529.jpg, Bent Over
pose273.jpg, Almost Lied Down
pose515.jpg, Bent Over
pose501.jpg, Bent Over
pose267.jpg, Standing Straight
pose930.jpg, Standing Straight
pose1047.jpg, Standing Straight
pose924.jpg, Standing Straight
pose1053.jpg, Standing Straight
pose918.jpg, Bent Over
pose1084.jpg, Standing Straight
pose1090.jpg, Bent Over
pose717.jpg, Almost Lied Down
pose703.jpg, Bent Over
pose1133.jpg, Bent Over
pose844.jpg, Standing Straight
pose688.jpg, Bent Over
pose1127.jpg, Bent Over
pose850.jpg, Standing Straight
pose878.jpg, Not Straight
pose887.jpg, Bent Over
pose139.jpg, Standing Straight
pose893.jpg, Bent Over
pose663.jpg, Standing Straight
pose105.jpg, Almost Lied Down
pose111.jpg, Almost Lied Down
pose677.jpg, Standing Straight
pose31.jpg, Standing Straight
pose25.jpg, Standing Straight
pose19.jpg, Standing Straight
pose449.jpg, Standing Straight
pose307.jpg, Almost Lied Down
pose461.jpg, Standing Straight
pose475.jpg, Bent Over
pose313.jpg, Almost Lied Down
pose81.jpg, Bent Over
pose348.jpg, Standing Straight
pose95.jpg, Bent Over
pose412.jpg, Standing Straight
pose374.jpg, Standing Straight
pose360.jpg, Standing Straight
pose406.jpg, Standing Straight
pose42.jpg, Standing Straight
pose56.jpg, Standing Straight
pose1183.jpg, No human detected
pose638.jpg, Standing Straight
pose1197.jpg, Bent Over
pose176.jpg, Standing Straight
pose610.jpg, Standing Straight
pose604.jpg, Almost Lied Down
pose162.jpg, Standing Straight
pose189.jpg, Standing Straight
pose1140.jpg, Bent Over
pose837.jpg, Standing Straight
pose1154.jpg, Bent Over
pose823.jpg, Standing Straight
pose1168.jpg, Almost Lied Down
pose980.jpg, Almost Lied Down
pose758.jpg, Standing Straight
pose994.jpg, Standing Straight
pose764.jpg, Standing Straight
pose770.jpg, Standing Straight
pose943.jpg, Standing Straight
pose1034.jpg, Standing Straight
pose957.jpg, Standing Straight
pose1020.jpg, Standing Straight
pose1008.jpg, Standing Straight
pose228.jpg, Standing Straight
pose566.jpg, Bent Over
pose200.jpg, Standing Straight
pose214.jpg, Standing Straight
pose572.jpg, Bent Over
pose1236.jpg, Standing Straight
pose599.jpg, Bent Over
pose1222.jpg, Standing Straight
pose1223.jpg, Standing Straight
pose598.jpg, Bent Over
pose1237.jpg, Standing Straight
pose215.jpg, Standing Straight
pose573.jpg, Bent Over
pose567.jpg, Bent Over
pose201.jpg, Standing Straight
pose229.jpg, Standing Straight
pose1009.jpg, Standing Straight
pose1021.jpg, Standing Straight
pose956.jpg, Standing Straight
pose1035.jpg, Standing Straight
pose942.jpg, Standing Straight
pose771.jpg, Standing Straight
pose765.jpg, Standing Straight
pose995.jpg, Standing Straight
pose759.jpg, Standing Straight
pose981.jpg, Almost Lied Down
pose1169.jpg, Almost Lied Down
pose822.jpg, Standing Straight
pose1155.jpg, Bent Over
pose188.jpg, Standing Straight
pose836.jpg, Standing Straight
pose1141.jpg, Bent Over
pose605.jpg, Bent Over
pose163.jpg, Standing Straight
pose177.jpg, Standing Straight
pose611.jpg, Standing Straight
pose1196.jpg, Bent Over
pose639.jpg, Standing Straight
pose1182.jpg, No human detected
pose57.jpg, Standing Straight
pose43.jpg, Standing Straight
pose361.jpg, Standing Straight
pose407.jpg, Standing Straight
pose413.jpg, Standing Straight
pose375.jpg, Standing Straight
pose94.jpg, Bent Over
pose80.jpg, Bent Over
pose349.jpg, Standing Straight
pose96.jpg, Bent Over
pose439.jpg, Standing Straight
pose82.jpg, Bent Over
pose405.jpg, Standing Straight
pose363.jpg, Standing Straight
pose377.jpg, Standing Straight
pose411.jpg, Standing Straight
pose55.jpg, Standing Straight
pose388.jpg, No human detected
pose41.jpg, Standing Straight
pose69.jpg, Standing Straight
pose1194.jpg, Bent Over
pose1180.jpg, Not Straight
pose149.jpg, Standing Straight
pose161.jpg, Standing Straight
pose607.jpg, Standing Straight
pose613.jpg, Standing Straight
pose175.jpg, Standing Straight
pose1157.jpg, Bent Over
pose820.jpg, Standing Straight
pose1143.jpg, Bent Over
pose834.jpg, Standing Straight
pose808.jpg, Standing Straight
pose997.jpg, Standing Straight
pose983.jpg, Almost Lied Down
pose773.jpg, Standing Straight
pose767.jpg, Standing Straight
pose954.jpg, Standing Straight
pose1023.jpg, Standing Straight
pose798.jpg, Standing Straight
pose940.jpg, Standing Straight
pose1037.jpg, Standing Straight
pose968.jpg, Bent Over
pose559.jpg, Standing Straight
pose571.jpg, Bent Over
pose217.jpg, Standing Straight
pose203.jpg, Standing Straight
pose565.jpg, Almost Lied Down
pose1221.jpg, Almost Lied Down
pose1235.jpg, Standing Straight
pose1209.jpg, Bent Over
pose1208.jpg, No human detected
pose1234.jpg, Standing Straight
pose1220.jpg, Not Straight
pose202.jpg, Standing Straight
pose564.jpg, Almost Lied Down
pose570.jpg, Bent Over
pose216.jpg, Standing Straight
pose558.jpg, Standing Straight
pose969.jpg, Bent Over
pose1036.jpg, Standing Straight
pose941.jpg, Standing Straight
pose799.jpg, Standing Straight
pose1022.jpg, Standing Straight
pose955.jpg, Standing Straight
pose766.jpg, Standing Straight
pose772.jpg, Standing Straight
pose982.jpg, Almost Lied Down
pose996.jpg, Standing Straight
pose809.jpg, Standing Straight
pose835.jpg, Standing Straight
pose1142.jpg, Bent Over
pose821.jpg, Standing Straight
pose1156.jpg, Bent Over
pose612.jpg, Standing Straight
pose174.jpg, Standing Straight
pose160.jpg, Standing Straight
pose606.jpg, Bent Over
pose1181.jpg, Standing Straight
pose148.jpg, Standing Straight
pose1195.jpg, No human detected
pose68.jpg, Standing Straight
pose389.jpg, No human detected
pose40.jpg, Standing Straight
pose54.jpg, Standing Straight
pose376.jpg, Standing Straight
pose410.jpg, Standing Straight
pose404.jpg, No human detected
pose362.jpg, Standing Straight
pose83.jpg, Bent Over
pose438.jpg, Standing Straight
pose97.jpg, Bent Over
pose366.jpg, Standing Straight
pose400.jpg, No human detected
pose414.jpg, Standing Straight
pose372.jpg, Standing Straight
pose93.jpg, Bent Over
pose87.jpg, Bent Over
pose428.jpg, Standing Straight
pose78.jpg, Almost Lied Down
pose399.jpg, Standing Straight
pose50.jpg, Standing Straight
pose44.jpg, Standing Straight
pose602.jpg, Almost Lied Down
pose164.jpg, Standing Straight
pose170.jpg, Standing Straight
pose616.jpg, Standing Straight
pose1191.jpg, Bent Over
pose158.jpg, Standing Straight
pose1185.jpg, No human detected
pose819.jpg, Standing Straight
pose825.jpg, Standing Straight
pose1152.jpg, Bent Over
pose831.jpg, Standing Straight
pose1146.jpg, Bent Over
pose776.jpg, Standing Straight
pose762.jpg, Standing Straight
pose992.jpg, Almost Lied Down
pose986.jpg, Almost Lied Down
pose979.jpg, Almost Lied Down
pose789.jpg, Standing Straight
pose1026.jpg, Standing Straight
pose951.jpg, Standing Straight
pose1032.jpg, Standing Straight
pose945.jpg, Standing Straight
pose212.jpg, Standing Straight
pose574.jpg, Bent Over
pose560.jpg, Standing Straight
pose206.jpg, Standing Straight
pose548.jpg, Standing Straight
pose1218.jpg, Almost Lied Down
pose1224.jpg, Standing Straight
pose1230.jpg, Standing Straight
pose1231.jpg, Standing Straight
pose1225.jpg, Standing Straight
pose1219.jpg, Almost Lied Down
pose549.jpg, Standing Straight
pose561.jpg, Standing Straight
pose207.jpg, Standing Straight
pose213.jpg, Standing Straight
pose575.jpg, Bent Over
pose944.jpg, Standing Straight
pose1033.jpg, Standing Straight
pose950.jpg, Standing Straight
pose1027.jpg, Standing Straight
pose788.jpg, Standing Straight
pose978.jpg, Almost Lied Down
pose987.jpg, Almost Lied Down
pose993.jpg, Standing Straight
pose763.jpg, Standing Straight
pose777.jpg, Standing Straight
pose1147.jpg, Bent Over
pose830.jpg, Standing Straight
pose1153.jpg, Bent Over
pose824.jpg, Standing Straight
pose818.jpg, Standing Straight
pose1184.jpg, No human detected
pose1190.jpg, Bent Over
pose159.jpg, Standing Straight
pose171.jpg, Standing Straight
pose617.jpg, Standing Straight
pose603.jpg, Bent Over
pose165.jpg, Standing Straight
pose45.jpg, Standing Straight
pose398.jpg, Standing Straight
pose51.jpg, Standing Straight
pose79.jpg, Almost Lied Down
pose429.jpg, Standing Straight
pose86.jpg, Bent Over
pose92.jpg, Bent Over
pose415.jpg, Standing Straight
pose373.jpg, Standing Straight
pose367.jpg, Standing Straight
pose401.jpg, Bent Over
pose371.jpg, Standing Straight
pose417.jpg, Standing Straight
pose403.jpg, Standing Straight
pose365.jpg, Standing Straight
pose84.jpg, Bent Over
pose90.jpg, Bent Over
pose359.jpg, Standing Straight
pose47.jpg, Standing Straight
pose53.jpg, Standing Straight
pose615.jpg, Standing Straight
pose173.jpg, Standing Straight
pose167.jpg, Standing Straight
pose601.jpg, Bent Over
pose629.jpg, Standing Straight
pose1186.jpg, No human detected
pose1192.jpg, Bent Over
pose1179.jpg, Standing Straight
pose832.jpg, Standing Straight
pose1145.jpg, Bent Over
pose198.jpg, Standing Straight
pose826.jpg, Standing Straight
pose1151.jpg, Bent Over
pose761.jpg, Standing Straight
pose775.jpg, Standing Straight
pose985.jpg, Almost Lied Down
pose991.jpg, Bent Over
pose749.jpg, Standing Straight
pose1019.jpg, Standing Straight
pose1031.jpg, Standing Straight
pose946.jpg, Standing Straight
pose1025.jpg, Standing Straight
pose952.jpg, Standing Straight
pose205.jpg, Standing Straight
pose563.jpg, Standing Straight
pose577.jpg, Bent Over
pose211.jpg, Standing Straight
pose239.jpg, Standing Straight
pose1233.jpg, Standing Straight
pose1227.jpg, Standing Straight
pose588.jpg, Bent Over
pose589.jpg, Bent Over
pose1226.jpg, Standing Straight
pose1232.jpg, Standing Straight
pose238.jpg, Standing Straight
pose576.jpg, Bent Over
pose210.jpg, Standing Straight
pose204.jpg, Standing Straight
pose562.jpg, Standing Straight
pose953.jpg, Standing Straight
pose1024.jpg, Standing Straight
pose947.jpg, Standing Straight
pose1030.jpg, Standing Straight
pose1018.jpg, Standing Straight
pose748.jpg, Standing Straight
pose990.jpg, Bent Over
pose984.jpg, Almost Lied Down
pose774.jpg, Standing Straight
pose760.jpg, Standing Straight
pose199.jpg, Standing Straight
pose1150.jpg, Bent Over
pose827.jpg, Standing Straight
pose1144.jpg, Bent Over
pose833.jpg, Standing Straight
pose1178.jpg, No human detected
pose1193.jpg, Bent Over
pose1187.jpg, Bent Over
pose628.jpg, Standing Straight
pose166.jpg, Standing Straight
pose600.jpg, Bent Over
pose614.jpg, Standing Straight
pose172.jpg, Standing Straight
pose52.jpg, Standing Straight
pose46.jpg, Standing Straight
pose91.jpg, Bent Over
pose358.jpg, Standing Straight
pose85.jpg, Bent Over
pose402.jpg, Standing Straight
pose364.jpg, Standing Straight
pose370.jpg, Standing Straight
pose416.jpg, Standing Straight
